"","id","raceId","raceName","geoid","fullState","state","cd","chamber","rating","openSeat","previousParty","uncontested","turnoutCount","specialElection","primaryDate","senateClass"
"1",37325,"S2020RI02","Rhode Island","44","Rhode Island","RI","","SENATE","SAFE-D",FALSE,NA,FALSE,NA,FALSE,NA,""
"2",37343,"H2020AZ04","Arizona 4","0404","Arizona","AZ","04","HOUSE","SAFE-R",FALSE,NA,FALSE,NA,FALSE,NA,""
"3",37334,"H2020AL06","Alabama 6","0106","Alabama","AL","06","HOUSE","SAFE-R",FALSE,NA,TRUE,NA,FALSE,NA,""
"4",37306,"S2020MN02","Minnesota","27","Minnesota","MN","","SENATE","LIKELY-D",FALSE,NA,FALSE,NA,FALSE,NA,""
"5",37357,"H2020CA09","California 9","0609","California","CA","09","HOUSE","SAFE-D",FALSE,NA,FALSE,NA,FALSE,NA,""
"6",37379,"H2020CA31","California 31","0631","California","CA","31","HOUSE","SAFE-D",FALSE,NA,FALSE,NA,FALSE,NA,""
"7",37404,"H2020CO03","Colorado 3","0803","Colorado","CO","03","HOUSE","TOSS-UP",TRUE,NA,FALSE,NA,FALSE,NA,""
"8",37413,"H2020CT05","Connecticut 5","0905","Connecticut","CT","05","HOUSE","SAFE-D",FALSE,NA,FALSE,NA,FALSE,NA,""
"9",37463,"H2020ID02","Idaho 2","1602","Idaho","ID","02","HOUSE","SAFE-R",FALSE,NA,FALSE,NA,FALSE,NA,""
"10",37433,"H2020FL19","Florida 19","1219","Florida","FL","19","HOUSE","SAFE-R",TRUE,NA,FALSE,NA,FALSE,NA,""
"11",37469,"H2020IL06","Illinois 6","1706","Illinois","IL","06","HOUSE","LEAN-D",FALSE,NA,FALSE,NA,FALSE,NA,""
"12",37444,"H2020GA03","Georgia 3","1303","Georgia","GA","03","HOUSE","SAFE-R",FALSE,NA,FALSE,NA,FALSE,NA,""
"13",37503,"H2020LA03","Louisiana 3","2203","Louisiana","LA","03","HOUSE","SAFE-R",FALSE,NA,FALSE,NA,FALSE,NA,""
"14",37521,"H2020MD06","Maryland 6","2406","Maryland","MD","06","HOUSE","SAFE-D",FALSE,NA,FALSE,NA,FALSE,NA,""
"15",37573,"H2020NC13","North Carolina 13","3713","North Carolina","NC","13","HOUSE","SAFE-R",FALSE,NA,FALSE,NA,FALSE,NA,""
"16",37544,"H2020MN05","Minnesota 5","2705","Minnesota","MN","05","HOUSE","SAFE-D",FALSE,NA,FALSE,NA,FALSE,NA,""
"17",37605,"H2020NY07","New York 7","3607","New York","NY","07","HOUSE","SAFE-D",FALSE,NA,FALSE,NA,FALSE,NA,""
"18",37660,"H2020PA10","Pennsylvania 10","4210","Pennsylvania","PA","10","HOUSE","TOSS-UP",FALSE,NA,FALSE,NA,FALSE,NA,""
"19",37579,"H2020NH02","New Hampshire 2","3302","New Hampshire","NH","02","HOUSE","LIKELY-D",FALSE,NA,FALSE,NA,FALSE,NA,""
"20",37681,"H2020TN04","Tennessee 4","4704","Tennessee","TN","04","HOUSE","SAFE-R",FALSE,NA,FALSE,NA,FALSE,NA,""
"21",37728,"H2020VA04","Virginia 4","5104","Virginia","VA","04","HOUSE","SAFE-D",FALSE,NA,FALSE,NA,FALSE,NA,""
"22",37655,"H2020PA05","Pennsylvania 5","4205","Pennsylvania","PA","05","HOUSE","SAFE-D",FALSE,NA,FALSE,NA,FALSE,NA,""
"23",37684,"H2020TN08","Tennessee 8","4708","Tennessee","TN","08","HOUSE","SAFE-R",FALSE,NA,FALSE,NA,FALSE,NA,""
"24",37755,"H2020WV02","West Virginia 2","5402","West Virginia","WV","02","HOUSE","SAFE-R",FALSE,NA,FALSE,NA,FALSE,NA,""
"25",37679,"H2020TN02","Tennessee 2","4702","Tennessee","TN","02","HOUSE","SAFE-R",FALSE,NA,FALSE,NA,FALSE,NA,""
"26",37359,"H2020CA11","California 11","0611","California","CA","11","HOUSE","SAFE-D",FALSE,NA,FALSE,NA,FALSE,NA,""
"27",37523,"H2020MD08","Maryland 8","2408","Maryland","MD","08","HOUSE","SAFE-D",FALSE,NA,FALSE,NA,FALSE,NA,""
"28",37785,"P2020MD","Maryland","24","Maryland","MD","","PRESIDENT","SAFE-D",FALSE,NA,FALSE,NA,FALSE,NA,""
"29",37658,"H2020PA08","Pennsylvania 8","4208","Pennsylvania","PA","08","HOUSE","LIKELY-D",FALSE,NA,FALSE,NA,FALSE,NA,""
"30",37310,"S2020NJ02","New Jersey","34","New Jersey","NJ","","SENATE","SAFE-D",FALSE,NA,FALSE,NA,FALSE,NA,""
"31",37734,"H2020VA11","Virginia 11","5111","Virginia","VA","11","HOUSE","SAFE-D",FALSE,NA,FALSE,NA,FALSE,NA,""
"32",37319,"S2020WV02","West Virginia","54","West Virginia","WV","","SENATE","SAFE-R",FALSE,NA,FALSE,NA,FALSE,NA,""
"33",37686,"H2020TX01","Texas 1","4801","Texas","TX","01","HOUSE","LIKELY-R",FALSE,NA,FALSE,NA,FALSE,NA,""
"34",37320,"S2020WY02","Wyoming","56","Wyoming","WY","","SENATE","SAFE-R",TRUE,NA,FALSE,NA,FALSE,NA,""
"35",37335,"H2020AL07","Alabama 7","0107","Alabama","AL","07","HOUSE","SAFE-D",FALSE,NA,TRUE,NA,FALSE,NA,""
"36",37333,"H2020AL05","Alabama 5","0105","Alabama","AL","05","HOUSE","SAFE-R",FALSE,NA,TRUE,NA,FALSE,NA,""
"37",37339,"H2020AR04","Arkansas 4","0504","Arkansas","AR","04","HOUSE","SAFE-R",FALSE,NA,FALSE,NA,FALSE,NA,""
"38",37336,"H2020AR01","Arkansas 1","0501","Arkansas","AR","01","HOUSE","SAFE-R",FALSE,NA,TRUE,NA,FALSE,NA,""
"39",37346,"H2020AZ07","Arizona 7","0407","Arizona","AZ","07","HOUSE","SAFE-D",FALSE,NA,FALSE,NA,FALSE,NA,""
"40",37349,"H2020CA01","California 1","0601","California","CA","01","HOUSE","LEAN-R",FALSE,NA,FALSE,NA,FALSE,NA,""
"41",37352,"H2020CA04","California 4","0604","California","CA","04","HOUSE","LIKELY-R",FALSE,NA,FALSE,NA,FALSE,NA,""
"42",37351,"H2020CA03","California 3","0603","California","CA","03","HOUSE","SAFE-D",FALSE,NA,FALSE,NA,FALSE,NA,""
"43",37353,"H2020CA05","California 5","0605","California","CA","05","HOUSE","SAFE-D",FALSE,NA,FALSE,NA,FALSE,NA,""
"44",37360,"H2020CA12","California 12","0612","California","CA","12","HOUSE","SAFE-D",FALSE,NA,TRUE,NA,FALSE,NA,""
"45",37361,"H2020CA13","California 13","0613","California","CA","13","HOUSE","SAFE-D",FALSE,NA,FALSE,NA,FALSE,NA,""
"46",37340,"H2020AZ01","Arizona 1","0401","Arizona","AZ","01","HOUSE","LIKELY-D",FALSE,NA,FALSE,NA,FALSE,NA,""
"47",37369,"H2020CA21","California 21","0621","California","CA","21","HOUSE","LEAN-D",FALSE,NA,FALSE,NA,FALSE,NA,""
"48",37362,"H2020CA14","California 14","0614","California","CA","14","HOUSE","SAFE-D",FALSE,NA,FALSE,NA,FALSE,NA,""
"49",37363,"H2020CA15","California 15","0615","California","CA","15","HOUSE","SAFE-D",FALSE,NA,FALSE,NA,FALSE,NA,""
"50",37366,"H2020CA18","California 18","0618","California","CA","18","HOUSE","SAFE-D",FALSE,NA,TRUE,NA,FALSE,NA,""
"51",37365,"H2020CA17","California 17","0617","California","CA","17","HOUSE","SAFE-D",FALSE,NA,FALSE,NA,FALSE,NA,""
"52",37368,"H2020CA20","California 20","0620","California","CA","20","HOUSE","SAFE-D",FALSE,NA,FALSE,NA,FALSE,NA,""
"53",37372,"H2020CA24","California 24","0624","California","CA","24","HOUSE","SAFE-D",FALSE,NA,FALSE,NA,FALSE,NA,""
"54",37374,"H2020CA26","California 26","0626","California","CA","26","HOUSE","SAFE-D",FALSE,NA,FALSE,NA,FALSE,NA,""
"55",37375,"H2020CA27","California 27","0627","California","CA","27","HOUSE","SAFE-D",FALSE,NA,FALSE,NA,FALSE,NA,""
"56",37376,"H2020CA28","California 28","0628","California","CA","28","HOUSE","SAFE-D",FALSE,NA,FALSE,NA,FALSE,NA,""
"57",37377,"H2020CA29","California 29","0629","California","CA","29","HOUSE","SAFE-D",FALSE,NA,TRUE,NA,FALSE,NA,""
"58",37378,"H2020CA30","California 30","0630","California","CA","30","HOUSE","SAFE-D",FALSE,NA,FALSE,NA,FALSE,NA,""
"59",37380,"H2020CA32","California 32","0632","California","CA","32","HOUSE","SAFE-D",FALSE,NA,FALSE,NA,FALSE,NA,""
"60",37381,"H2020CA33","California 33","0633","California","CA","33","HOUSE","SAFE-D",FALSE,NA,FALSE,NA,FALSE,NA,""
"61",37383,"H2020CA35","California 35","0635","California","CA","35","HOUSE","SAFE-D",FALSE,NA,FALSE,NA,FALSE,NA,""
"62",37384,"H2020CA36","California 36","0636","California","CA","36","HOUSE","SAFE-D",FALSE,NA,FALSE,NA,FALSE,NA,""
"63",37386,"H2020CA38","California 38","0638","California","CA","38","HOUSE","SAFE-D",FALSE,NA,TRUE,NA,FALSE,NA,""
"64",37387,"H2020CA39","California 39","0639","California","CA","39","HOUSE","TOSS-UP",FALSE,NA,FALSE,NA,FALSE,NA,""
"65",37388,"H2020CA40","California 40","0640","California","CA","40","HOUSE","SAFE-D",FALSE,NA,FALSE,NA,FALSE,NA,""
"66",37389,"H2020CA41","California 41","0641","California","CA","41","HOUSE","SAFE-D",FALSE,NA,FALSE,NA,FALSE,NA,""
"67",37390,"H2020CA42","California 42","0642","California","CA","42","HOUSE","SAFE-R",FALSE,NA,FALSE,NA,FALSE,NA,""
"68",37392,"H2020CA44","California 44","0644","California","CA","44","HOUSE","SAFE-D",FALSE,NA,TRUE,NA,FALSE,NA,""
"69",37385,"H2020CA37","California 37","0637","California","CA","37","HOUSE","SAFE-D",FALSE,NA,FALSE,NA,FALSE,NA,""
"70",37382,"H2020CA34","California 34","0634","California","CA","34","HOUSE","SAFE-D",FALSE,NA,TRUE,NA,FALSE,NA,""
"71",37397,"H2020CA49","California 49","0649","California","CA","49","HOUSE","SAFE-D",FALSE,NA,FALSE,NA,FALSE,NA,""
"72",37402,"H2020CO01","Colorado 1","0801","Colorado","CO","01","HOUSE","SAFE-D",FALSE,NA,FALSE,NA,FALSE,NA,""
"73",37403,"H2020CO02","Colorado 2","0802","Colorado","CO","02","HOUSE","SAFE-D",FALSE,NA,FALSE,NA,FALSE,NA,""
"74",37399,"H2020CA51","California 51","0651","California","CA","51","HOUSE","SAFE-D",FALSE,NA,FALSE,NA,FALSE,NA,""
"75",37405,"H2020CO04","Colorado 4","0804","Colorado","CO","04","HOUSE","SAFE-R",FALSE,NA,FALSE,NA,FALSE,NA,""
"76",37401,"H2020CA53","California 53","0653","California","CA","53","HOUSE","SAFE-D",TRUE,NA,TRUE,NA,FALSE,NA,""
"77",37409,"H2020CT01","Connecticut 1","0901","Connecticut","CT","01","HOUSE","SAFE-D",FALSE,NA,FALSE,NA,FALSE,NA,""
"78",37410,"H2020CT02","Connecticut 2","0902","Connecticut","CT","02","HOUSE","SAFE-D",FALSE,NA,FALSE,NA,FALSE,NA,""
"79",37414,"H2020DE00","Delaware At-Large","1000","Delaware","DE","00","HOUSE","SAFE-D",FALSE,NA,FALSE,NA,FALSE,NA,""
"80",37415,"H2020FL01","Florida 1","1201","Florida","FL","01","HOUSE","SAFE-R",FALSE,NA,FALSE,NA,FALSE,NA,""
"81",37416,"H2020FL02","Florida 2","1202","Florida","FL","02","HOUSE","SAFE-R",FALSE,NA,FALSE,NA,FALSE,NA,""
"82",37417,"H2020FL03","Florida 3","1203","Florida","FL","03","HOUSE","SAFE-R",TRUE,NA,FALSE,NA,FALSE,NA,""
"83",37429,"H2020FL15","Florida 15","1215","Florida","FL","15","HOUSE","LEAN-R",FALSE,NA,FALSE,NA,FALSE,NA,""
"84",37420,"H2020FL06","Florida 6","1206","Florida","FL","06","HOUSE","SAFE-R",FALSE,NA,FALSE,NA,FALSE,NA,""
"85",37418,"H2020FL04","Florida 4","1204","Florida","FL","04","HOUSE","SAFE-R",FALSE,NA,FALSE,NA,FALSE,NA,""
"86",37422,"H2020FL08","Florida 8","1208","Florida","FL","08","HOUSE","SAFE-R",FALSE,NA,FALSE,NA,FALSE,NA,""
"87",37424,"H2020FL10","Florida 10","1210","Florida","FL","10","HOUSE","SAFE-D",FALSE,NA,FALSE,NA,FALSE,NA,""
"88",37425,"H2020FL11","Florida 11","1211","Florida","FL","11","HOUSE","SAFE-R",FALSE,NA,FALSE,NA,FALSE,NA,""
"89",37491,"H2020KS01","Kansas 1","2001","Kansas","KS","01","HOUSE","SAFE-R",TRUE,NA,FALSE,NA,FALSE,NA,""
"90",37427,"H2020FL13","Florida 13","1213","Florida","FL","13","HOUSE","LIKELY-D",FALSE,NA,FALSE,NA,FALSE,NA,""
"91",37318,"S2020VA02","Virginia","51","Virginia","VA","","SENATE","SAFE-D",FALSE,NA,FALSE,NA,FALSE,NA,""
"92",37432,"H2020FL18","Florida 18","1218","Florida","FL","18","HOUSE","LEAN-R",FALSE,NA,FALSE,NA,FALSE,NA,""
"93",37434,"H2020FL20","Florida 20","1220","Florida","FL","20","HOUSE","SAFE-D",FALSE,NA,FALSE,NA,FALSE,NA,""
"94",37435,"H2020FL21","Florida 21","1221","Florida","FL","21","HOUSE","SAFE-D",FALSE,NA,FALSE,NA,FALSE,NA,""
"95",37438,"H2020FL24","Florida 24","1224","Florida","FL","24","HOUSE","SAFE-D",FALSE,NA,FALSE,NA,FALSE,NA,""
"96",37439,"H2020FL25","Florida 25","1225","Florida","FL","25","HOUSE","SAFE-R",FALSE,NA,TRUE,NA,FALSE,NA,""
"97",37428,"H2020FL14","Florida 14","1214","Florida","FL","14","HOUSE","SAFE-D",FALSE,NA,FALSE,NA,FALSE,NA,""
"98",37440,"H2020FL26","Florida 26","1226","Florida","FL","26","HOUSE","LIKELY-D",FALSE,NA,FALSE,NA,FALSE,NA,""
"99",37441,"H2020FL27","Florida 27","1227","Florida","FL","27","HOUSE","LIKELY-D",FALSE,NA,FALSE,NA,FALSE,NA,""
"100",37442,"H2020GA01","Georgia 1","1301","Georgia","GA","01","HOUSE","SAFE-R",FALSE,NA,FALSE,NA,FALSE,NA,""
"101",37446,"H2020GA05","Georgia 5","1305","Georgia","GA","05","HOUSE","SAFE-D",FALSE,NA,FALSE,NA,FALSE,NA,""
"102",37483,"H2020IN02","Indiana 2","1802","Indiana","IN","02","HOUSE","SAFE-R",FALSE,NA,FALSE,NA,FALSE,NA,""
"103",37451,"H2020GA10","Georgia 10","1310","Georgia","GA","10","HOUSE","SAFE-R",FALSE,NA,FALSE,NA,FALSE,NA,""
"104",37452,"H2020GA11","Georgia 11","1311","Georgia","GA","11","HOUSE","SAFE-R",FALSE,NA,FALSE,NA,FALSE,NA,""
"105",37454,"H2020GA13","Georgia 13","1313","Georgia","GA","13","HOUSE","SAFE-D",FALSE,NA,FALSE,NA,FALSE,NA,""
"106",37450,"H2020GA09","Georgia 9","1309","Georgia","GA","09","HOUSE","SAFE-R",TRUE,NA,FALSE,NA,FALSE,NA,""
"107",37455,"H2020GA14","Georgia 14","1314","Georgia","GA","14","HOUSE","SAFE-R",TRUE,NA,FALSE,NA,FALSE,NA,""
"108",37456,"H2020HI01","Hawaii 1","1501","Hawaii","HI","01","HOUSE","SAFE-D",FALSE,NA,FALSE,NA,FALSE,NA,""
"109",37462,"H2020ID01","Idaho 1","1601","Idaho","ID","01","HOUSE","SAFE-R",FALSE,NA,FALSE,NA,FALSE,NA,""
"110",37447,"H2020GA06","Georgia 6","1306","Georgia","GA","06","HOUSE","LEAN-D",FALSE,NA,FALSE,NA,FALSE,NA,""
"111",37449,"H2020GA08","Georgia 8","1308","Georgia","GA","08","HOUSE","SAFE-R",FALSE,NA,FALSE,NA,FALSE,NA,""
"112",37464,"H2020IL01","Illinois 1","1701","Illinois","IL","01","HOUSE","SAFE-D",FALSE,NA,FALSE,NA,FALSE,NA,""
"113",37457,"H2020HI02","Hawaii 2","1502","Hawaii","HI","02","HOUSE","SAFE-D",TRUE,NA,FALSE,NA,FALSE,NA,""
"114",37465,"H2020IL02","Illinois 2","1702","Illinois","IL","02","HOUSE","SAFE-D",FALSE,NA,FALSE,NA,FALSE,NA,""
"115",37468,"H2020IL05","Illinois 5","1705","Illinois","IL","05","HOUSE","SAFE-D",FALSE,NA,FALSE,NA,FALSE,NA,""
"116",37471,"H2020IL08","Illinois 8","1708","Illinois","IL","08","HOUSE","SAFE-D",FALSE,NA,TRUE,NA,FALSE,NA,""
"117",37476,"H2020IL13","Illinois 13","1713","Illinois","IL","13","HOUSE","TOSS-UP",FALSE,NA,FALSE,NA,FALSE,NA,""
"118",37480,"H2020IL17","Illinois 17","1717","Illinois","IL","17","HOUSE","LIKELY-D",FALSE,NA,FALSE,NA,FALSE,NA,""
"119",37481,"H2020IL18","Illinois 18","1718","Illinois","IL","18","HOUSE","SAFE-R",FALSE,NA,FALSE,NA,FALSE,NA,""
"120",37488,"H2020IN07","Indiana 7","1807","Indiana","IN","07","HOUSE","SAFE-D",FALSE,NA,FALSE,NA,FALSE,NA,""
"121",37492,"H2020KS02","Kansas 2","2002","Kansas","KS","02","HOUSE","LIKELY-R",FALSE,NA,FALSE,NA,FALSE,NA,""
"122",37484,"H2020IN03","Indiana 3","1803","Indiana","IN","03","HOUSE","SAFE-R",FALSE,NA,FALSE,NA,FALSE,NA,""
"123",37478,"H2020IL15","Illinois 15","1715","Illinois","IL","15","HOUSE","SAFE-R",TRUE,NA,FALSE,NA,FALSE,NA,""
"124",37493,"H2020KS03","Kansas 3","2003","Kansas","KS","03","HOUSE","LIKELY-D",FALSE,NA,FALSE,NA,FALSE,NA,""
"125",37494,"H2020KS04","Kansas 4","2004","Kansas","KS","04","HOUSE","SAFE-R",FALSE,NA,FALSE,NA,FALSE,NA,""
"126",37474,"H2020IL11","Illinois 11","1711","Illinois","IL","11","HOUSE","SAFE-D",FALSE,NA,FALSE,NA,FALSE,NA,""
"127",37479,"H2020IL16","Illinois 16","1716","Illinois","IL","16","HOUSE","SAFE-R",FALSE,NA,FALSE,NA,FALSE,NA,""
"128",37495,"H2020KY01","Kentucky 1","2101","Kentucky","KY","01","HOUSE","SAFE-R",FALSE,NA,FALSE,NA,FALSE,NA,""
"129",37499,"H2020KY05","Kentucky 5","2105","Kentucky","KY","05","HOUSE","SAFE-R",FALSE,NA,FALSE,NA,FALSE,NA,""
"130",37485,"H2020IN04","Indiana 4","1804","Indiana","IN","04","HOUSE","SAFE-R",FALSE,NA,FALSE,NA,FALSE,NA,""
"131",37500,"H2020KY06","Kentucky 6","2106","Kentucky","KY","06","HOUSE","LIKELY-R",FALSE,NA,FALSE,NA,FALSE,NA,""
"132",37437,"H2020FL23","Florida 23","1223","Florida","FL","23","HOUSE","SAFE-D",FALSE,NA,FALSE,NA,FALSE,NA,""
"133",37490,"H2020IN09","Indiana 9","1809","Indiana","IN","09","HOUSE","SAFE-R",FALSE,NA,FALSE,NA,FALSE,NA,""
"134",37502,"H2020LA02","Louisiana 2","2202","Louisiana","LA","02","HOUSE","SAFE-D",FALSE,NA,TRUE,NA,FALSE,NA,""
"135",37506,"H2020LA06","Louisiana 6","2206","Louisiana","LA","06","HOUSE","SAFE-R",FALSE,NA,TRUE,NA,FALSE,NA,""
"136",37509,"H2020MA03","Massachusetts 3","2503","Massachusetts","MA","03","HOUSE","SAFE-D",FALSE,NA,TRUE,NA,FALSE,NA,""
"137",37497,"H2020KY03","Kentucky 3","2103","Kentucky","KY","03","HOUSE","SAFE-D",FALSE,NA,FALSE,NA,FALSE,NA,""
"138",37510,"H2020MA04","Massachusetts 4","2504","Massachusetts","MA","04","HOUSE","SAFE-D",TRUE,NA,FALSE,NA,FALSE,NA,""
"139",37511,"H2020MA05","Massachusetts 5","2505","Massachusetts","MA","05","HOUSE","SAFE-D",FALSE,NA,FALSE,NA,FALSE,NA,""
"140",37528,"H2020MI03","Michigan 3","2603","Michigan","MI","03","HOUSE","TOSS-UP",TRUE,NA,FALSE,NA,FALSE,NA,""
"141",37512,"H2020MA06","Massachusetts 6","2506","Massachusetts","MA","06","HOUSE","SAFE-D",FALSE,NA,FALSE,NA,FALSE,NA,""
"142",37507,"H2020MA01","Massachusetts 1","2501","Massachusetts","MA","01","HOUSE","SAFE-D",FALSE,NA,TRUE,NA,FALSE,NA,""
"143",37514,"H2020MA08","Massachusetts 8","2508","Massachusetts","MA","08","HOUSE","SAFE-D",FALSE,NA,TRUE,NA,FALSE,NA,""
"144",37515,"H2020MA09","Massachusetts 9","2509","Massachusetts","MA","09","HOUSE","SAFE-D",FALSE,NA,FALSE,NA,FALSE,NA,""
"145",37516,"H2020MD01","Maryland 1","2401","Maryland","MD","01","HOUSE","SAFE-R",FALSE,NA,FALSE,NA,FALSE,NA,""
"146",37517,"H2020MD02","Maryland 2","2402","Maryland","MD","02","HOUSE","SAFE-D",FALSE,NA,FALSE,NA,FALSE,NA,""
"147",37518,"H2020MD03","Maryland 3","2403","Maryland","MD","03","HOUSE","SAFE-D",FALSE,NA,FALSE,NA,FALSE,NA,""
"148",37519,"H2020MD04","Maryland 4","2404","Maryland","MD","04","HOUSE","SAFE-D",FALSE,NA,FALSE,NA,FALSE,NA,""
"149",37520,"H2020MD05","Maryland 5","2405","Maryland","MD","05","HOUSE","SAFE-D",FALSE,NA,FALSE,NA,FALSE,NA,""
"150",37526,"H2020MI01","Michigan 1","2601","Michigan","MI","01","HOUSE","SAFE-R",FALSE,NA,FALSE,NA,FALSE,NA,""
"151",37527,"H2020MI02","Michigan 2","2602","Michigan","MI","02","HOUSE","SAFE-R",FALSE,NA,FALSE,NA,FALSE,NA,""
"152",37530,"H2020MI05","Michigan 5","2605","Michigan","MI","05","HOUSE","SAFE-D",FALSE,NA,FALSE,NA,FALSE,NA,""
"153",37531,"H2020MI06","Michigan 6","2606","Michigan","MI","06","HOUSE","LEAN-R",FALSE,NA,FALSE,NA,FALSE,NA,""
"154",37532,"H2020MI07","Michigan 7","2607","Michigan","MI","07","HOUSE","SAFE-R",FALSE,NA,FALSE,NA,FALSE,NA,""
"155",37534,"H2020MI09","Michigan 9","2609","Michigan","MI","09","HOUSE","SAFE-D",FALSE,NA,FALSE,NA,FALSE,NA,""
"156",37538,"H2020MI13","Michigan 13","2613","Michigan","MI","13","HOUSE","SAFE-D",FALSE,NA,FALSE,NA,FALSE,NA,""
"157",37539,"H2020MI14","Michigan 14","2614","Michigan","MI","14","HOUSE","SAFE-D",FALSE,NA,FALSE,NA,FALSE,NA,""
"158",37541,"H2020MN02","Minnesota 2","2702","Minnesota","MN","02","HOUSE","LIKELY-D",FALSE,NA,FALSE,NA,FALSE,NA,""
"159",37549,"H2020MO02","Missouri 2","2902","Missouri","MO","02","HOUSE","LEAN-R",FALSE,NA,FALSE,NA,FALSE,NA,""
"160",37550,"H2020MO03","Missouri 3","2903","Missouri","MO","03","HOUSE","SAFE-R",FALSE,NA,FALSE,NA,FALSE,NA,""
"161",37553,"H2020MO06","Missouri 6","2906","Missouri","MO","06","HOUSE","SAFE-R",FALSE,NA,FALSE,NA,FALSE,NA,""
"162",37557,"H2020MS02","Mississippi 2","2802","Mississippi","MS","02","HOUSE","SAFE-D",FALSE,NA,FALSE,NA,FALSE,NA,""
"163",37558,"H2020MS03","Mississippi 3","2803","Mississippi","MS","03","HOUSE","SAFE-R",FALSE,NA,FALSE,NA,FALSE,NA,""
"164",37561,"H2020NC01","North Carolina 1","3701","North Carolina","NC","01","HOUSE","LEAN-D",FALSE,NA,FALSE,NA,FALSE,NA,""
"165",37563,"H2020NC03","North Carolina 3","3703","North Carolina","NC","03","HOUSE","SAFE-R",FALSE,NA,FALSE,NA,FALSE,NA,""
"166",37564,"H2020NC04","North Carolina 4","3704","North Carolina","NC","04","HOUSE","SAFE-D",FALSE,NA,FALSE,NA,FALSE,NA,""
"167",37565,"H2020NC05","North Carolina 5","3705","North Carolina","NC","05","HOUSE","SAFE-R",FALSE,NA,FALSE,NA,FALSE,NA,""
"168",37566,"H2020NC06","North Carolina 6","3706","North Carolina","NC","06","HOUSE","SAFE-D",TRUE,NA,FALSE,NA,FALSE,NA,""
"169",37567,"H2020NC07","North Carolina 7","3707","North Carolina","NC","07","HOUSE","SAFE-R",FALSE,NA,FALSE,NA,FALSE,NA,""
"170",37568,"H2020NC08","North Carolina 8","3708","North Carolina","NC","08","HOUSE","LEAN-R",FALSE,NA,FALSE,NA,FALSE,NA,""
"171",37551,"H2020MO04","Missouri 4","2904","Missouri","MO","04","HOUSE","SAFE-R",FALSE,NA,FALSE,NA,FALSE,NA,""
"172",37546,"H2020MN07","Minnesota 7","2707","Minnesota","MN","07","HOUSE","LEAN-R",FALSE,NA,FALSE,NA,FALSE,NA,""
"173",37569,"H2020NC09","North Carolina 9","3709","North Carolina","NC","09","HOUSE","LIKELY-R",FALSE,NA,FALSE,NA,FALSE,NA,""
"174",37683,"H2020TN07","Tennessee 7","4707","Tennessee","TN","07","HOUSE","SAFE-R",FALSE,NA,FALSE,NA,FALSE,NA,""
"175",37570,"H2020NC10","North Carolina 10","3710","North Carolina","NC","10","HOUSE","SAFE-R",FALSE,NA,FALSE,NA,FALSE,NA,""
"176",37572,"H2020NC12","North Carolina 12","3712","North Carolina","NC","12","HOUSE","SAFE-D",FALSE,NA,TRUE,NA,FALSE,NA,""
"177",37577,"H2020NE03","Nebraska 3","3103","Nebraska","NE","03","HOUSE","SAFE-R",FALSE,NA,FALSE,NA,FALSE,NA,""
"178",37585,"H2020NJ06","New Jersey 6","3406","New Jersey","NJ","06","HOUSE","SAFE-D",FALSE,NA,FALSE,NA,FALSE,NA,""
"179",37536,"H2020MI11","Michigan 11","2611","Michigan","MI","11","HOUSE","LIKELY-D",FALSE,NA,FALSE,NA,FALSE,NA,""
"180",37586,"H2020NJ07","New Jersey 7","3407","New Jersey","NJ","07","HOUSE","LEAN-D",FALSE,NA,FALSE,NA,FALSE,NA,""
"181",37545,"H2020MN06","Minnesota 6","2706","Minnesota","MN","06","HOUSE","SAFE-R",FALSE,NA,FALSE,NA,FALSE,NA,""
"182",37588,"H2020NJ09","New Jersey 9","3409","New Jersey","NJ","09","HOUSE","SAFE-D",FALSE,NA,FALSE,NA,FALSE,NA,""
"183",37590,"H2020NJ11","New Jersey 11","3411","New Jersey","NJ","11","HOUSE","LIKELY-D",FALSE,NA,FALSE,NA,FALSE,NA,""
"184",37358,"H2020CA10","California 10","0610","California","CA","10","HOUSE","LIKELY-D",FALSE,NA,FALSE,NA,FALSE,NA,""
"185",37547,"H2020MN08","Minnesota 8","2708","Minnesota","MN","08","HOUSE","SAFE-R",FALSE,NA,FALSE,NA,FALSE,NA,""
"186",37593,"H2020NM02","New Mexico 2","3502","New Mexico","NM","02","HOUSE","TOSS-UP",FALSE,NA,FALSE,NA,FALSE,NA,""
"187",37603,"H2020NY05","New York 5","3605","New York","NY","05","HOUSE","SAFE-D",FALSE,NA,TRUE,NA,FALSE,NA,""
"188",37604,"H2020NY06","New York 6","3606","New York","NY","06","HOUSE","SAFE-D",FALSE,NA,FALSE,NA,FALSE,NA,""
"189",37608,"H2020NY10","New York 10","3610","New York","NY","10","HOUSE","SAFE-D",FALSE,NA,FALSE,NA,FALSE,NA,""
"190",37609,"H2020NY11","New York 11","3611","New York","NY","11","HOUSE","LEAN-D",FALSE,NA,FALSE,NA,FALSE,NA,""
"191",37583,"H2020NJ04","New Jersey 4","3404","New Jersey","NJ","04","HOUSE","SAFE-R",FALSE,NA,FALSE,NA,FALSE,NA,""
"192",37575,"H2020NE01","Nebraska 1","3101","Nebraska","NE","01","HOUSE","SAFE-R",FALSE,NA,FALSE,NA,FALSE,NA,""
"193",37614,"H2020NY17","New York 17","3617","New York","NY","17","HOUSE","SAFE-D",TRUE,NA,FALSE,NA,FALSE,NA,""
"194",37578,"H2020NH01","New Hampshire 1","3301","New Hampshire","NH","01","HOUSE","LIKELY-D",FALSE,NA,FALSE,NA,FALSE,NA,""
"195",37582,"H2020NJ03","New Jersey 3","3403","New Jersey","NJ","03","HOUSE","LIKELY-D",FALSE,NA,FALSE,NA,FALSE,NA,""
"196",37770,"P2020DE","Delaware","10","Delaware","DE","","PRESIDENT","SAFE-D",FALSE,NA,FALSE,NA,FALSE,NA,""
"197",37589,"H2020NJ10","New Jersey 10","3410","New Jersey","NJ","10","HOUSE","SAFE-D",FALSE,NA,FALSE,NA,FALSE,NA,""
"198",37615,"H2020NY18","New York 18","3618","New York","NY","18","HOUSE","LIKELY-D",FALSE,NA,FALSE,NA,FALSE,NA,""
"199",37616,"H2020NY19","New York 19","3619","New York","NY","19","HOUSE","SAFE-D",FALSE,NA,FALSE,NA,FALSE,NA,""
"200",37617,"H2020NY20","New York 20","3620","New York","NY","20","HOUSE","SAFE-D",FALSE,NA,FALSE,NA,FALSE,NA,""
"201",37618,"H2020NY21","New York 21","3621","New York","NY","21","HOUSE","LIKELY-R",FALSE,NA,FALSE,NA,FALSE,NA,""
"202",37623,"H2020NY26","New York 26","3626","New York","NY","26","HOUSE","SAFE-D",FALSE,NA,FALSE,NA,FALSE,NA,""
"203",37612,"H2020NY14","New York 14","3614","New York","NY","14","HOUSE","SAFE-D",FALSE,NA,FALSE,NA,FALSE,NA,""
"204",37624,"H2020NY27","New York 27","3627","New York","NY","27","HOUSE","SAFE-R",TRUE,NA,FALSE,NA,FALSE,NA,""
"205",37626,"H2020OH02","Ohio 2","3902","Ohio","OH","02","HOUSE","SAFE-R",FALSE,NA,FALSE,NA,FALSE,NA,""
"206",37627,"H2020OH03","Ohio 3","3903","Ohio","OH","03","HOUSE","SAFE-D",FALSE,NA,FALSE,NA,FALSE,NA,""
"207",37628,"H2020OH04","Ohio 4","3904","Ohio","OH","04","HOUSE","SAFE-R",FALSE,NA,FALSE,NA,FALSE,NA,""
"208",37611,"H2020NY13","New York 13","3613","New York","NY","13","HOUSE","SAFE-D",FALSE,NA,FALSE,NA,FALSE,NA,""
"209",37631,"H2020OH07","Ohio 7","3907","Ohio","OH","07","HOUSE","SAFE-R",FALSE,NA,FALSE,NA,FALSE,NA,""
"210",37632,"H2020OH08","Ohio 8","3908","Ohio","OH","08","HOUSE","SAFE-R",FALSE,NA,FALSE,NA,FALSE,NA,""
"211",37633,"H2020OH09","Ohio 9","3909","Ohio","OH","09","HOUSE","SAFE-D",FALSE,NA,FALSE,NA,FALSE,NA,""
"212",37636,"H2020OH12","Ohio 12","3912","Ohio","OH","12","HOUSE","SAFE-R",FALSE,NA,FALSE,NA,FALSE,NA,""
"213",37641,"H2020OK01","Oklahoma 1","4001","Oklahoma","OK","01","HOUSE","SAFE-R",FALSE,NA,FALSE,NA,FALSE,NA,""
"214",37643,"H2020OK03","Oklahoma 3","4003","Oklahoma","OK","03","HOUSE","SAFE-R",FALSE,NA,FALSE,NA,FALSE,NA,""
"215",37650,"H2020OR05","Oregon 5","4105","Oregon","OR","05","HOUSE","SAFE-D",FALSE,NA,FALSE,NA,FALSE,NA,""
"216",37652,"H2020PA02","Pennsylvania 2","4202","Pennsylvania","PA","02","HOUSE","SAFE-D",FALSE,NA,FALSE,NA,FALSE,NA,""
"217",37653,"H2020PA03","Pennsylvania 3","4203","Pennsylvania","PA","03","HOUSE","SAFE-D",FALSE,NA,FALSE,NA,FALSE,NA,""
"218",37665,"H2020PA15","Pennsylvania 15","4215","Pennsylvania","PA","15","HOUSE","SAFE-R",FALSE,NA,FALSE,NA,FALSE,NA,""
"219",37580,"H2020NJ01","New Jersey 1","3401","New Jersey","NJ","01","HOUSE","SAFE-D",FALSE,NA,FALSE,NA,FALSE,NA,""
"220",37668,"H2020PA18","Pennsylvania 18","4218","Pennsylvania","PA","18","HOUSE","SAFE-D",FALSE,NA,FALSE,NA,FALSE,NA,""
"221",37669,"H2020RI01","Rhode Island 1","4401","Rhode Island","RI","01","HOUSE","SAFE-D",FALSE,NA,TRUE,NA,FALSE,NA,""
"222",37662,"H2020PA12","Pennsylvania 12","4212","Pennsylvania","PA","12","HOUSE","SAFE-R",FALSE,NA,FALSE,NA,FALSE,NA,""
"223",37675,"H2020SC05","South Carolina 5","4505","South Carolina","SC","05","HOUSE","SAFE-R",FALSE,NA,FALSE,NA,FALSE,NA,""
"224",37676,"H2020SC06","South Carolina 6","4506","South Carolina","SC","06","HOUSE","SAFE-D",FALSE,NA,FALSE,NA,FALSE,NA,""
"225",37677,"H2020SC07","South Carolina 7","4507","South Carolina","SC","07","HOUSE","SAFE-R",FALSE,NA,FALSE,NA,FALSE,NA,""
"226",37656,"H2020PA06","Pennsylvania 6","4206","Pennsylvania","PA","06","HOUSE","SAFE-D",FALSE,NA,FALSE,NA,FALSE,NA,""
"227",37678,"H2020TN01","Tennessee 1","4701","Tennessee","TN","01","HOUSE","SAFE-R",TRUE,NA,FALSE,NA,FALSE,NA,""
"228",37685,"H2020TN09","Tennessee 9","4709","Tennessee","TN","09","HOUSE","SAFE-D",FALSE,NA,FALSE,NA,FALSE,NA,""
"229",37634,"H2020OH10","Ohio 10","3910","Ohio","OH","10","HOUSE","LEAN-R",FALSE,NA,FALSE,NA,FALSE,NA,""
"230",37637,"H2020OH13","Ohio 13","3913","Ohio","OH","13","HOUSE","LIKELY-D",FALSE,NA,FALSE,NA,FALSE,NA,""
"231",37688,"H2020TX04","Texas 4","4804","Texas","TX","04","HOUSE","SAFE-R",TRUE,NA,FALSE,NA,FALSE,NA,""
"232",37690,"H2020TX06","Texas 6","4806","Texas","TX","06","HOUSE","LIKELY-R",FALSE,NA,FALSE,NA,FALSE,NA,""
"233",37691,"H2020TX07","Texas 7","4807","Texas","TX","07","HOUSE","TOSS-UP",FALSE,NA,FALSE,NA,FALSE,NA,""
"234",37692,"H2020TX08","Texas 8","4808","Texas","TX","08","HOUSE","SAFE-R",FALSE,NA,FALSE,NA,FALSE,NA,""
"235",37696,"H2020TX12","Texas 12","4812","Texas","TX","12","HOUSE","SAFE-R",FALSE,NA,FALSE,NA,FALSE,NA,""
"236",37642,"H2020OK02","Oklahoma 2","4002","Oklahoma","OK","02","HOUSE","SAFE-R",FALSE,NA,FALSE,NA,FALSE,NA,""
"237",37697,"H2020TX13","Texas 13","4813","Texas","TX","13","HOUSE","SAFE-R",TRUE,NA,FALSE,NA,FALSE,NA,""
"238",37698,"H2020TX14","Texas 14","4814","Texas","TX","14","HOUSE","SAFE-R",FALSE,NA,FALSE,NA,FALSE,NA,""
"239",37700,"H2020TX16","Texas 16","4816","Texas","TX","16","HOUSE","SAFE-D",FALSE,NA,FALSE,NA,FALSE,NA,""
"240",37704,"H2020TX20","Texas 20","4820","Texas","TX","20","HOUSE","SAFE-D",FALSE,NA,FALSE,NA,FALSE,NA,""
"241",37689,"H2020TX05","Texas 5","4805","Texas","TX","05","HOUSE","SAFE-R",FALSE,NA,FALSE,NA,FALSE,NA,""
"242",37706,"H2020TX22","Texas 22","4822","Texas","TX","22","HOUSE","LEAN-D",TRUE,NA,FALSE,NA,FALSE,NA,""
"243",37708,"H2020TX24","Texas 24","4824","Texas","TX","24","HOUSE","TOSS-UP",TRUE,NA,FALSE,NA,FALSE,NA,""
"244",37709,"H2020TX25","Texas 25","4825","Texas","TX","25","HOUSE","LIKELY-R",FALSE,NA,FALSE,NA,FALSE,NA,""
"245",37695,"H2020TX11","Texas 11","4811","Texas","TX","11","HOUSE","SAFE-R",TRUE,NA,FALSE,NA,FALSE,NA,""
"246",37674,"H2020SC04","South Carolina 4","4504","South Carolina","SC","04","HOUSE","SAFE-R",FALSE,NA,FALSE,NA,FALSE,NA,""
"247",37680,"H2020TN03","Tennessee 3","4703","Tennessee","TN","03","HOUSE","SAFE-R",FALSE,NA,FALSE,NA,FALSE,NA,""
"248",37712,"H2020TX28","Texas 28","4828","Texas","TX","28","HOUSE","SAFE-D",FALSE,NA,FALSE,NA,FALSE,NA,""
"249",37458,"H2020IA01","Iowa 1","1901","Iowa","IA","01","HOUSE","LEAN-D",FALSE,NA,FALSE,NA,FALSE,NA,""
"250",37713,"H2020TX29","Texas 29","4829","Texas","TX","29","HOUSE","SAFE-D",FALSE,NA,FALSE,NA,FALSE,NA,""
"251",37699,"H2020TX15","Texas 15","4815","Texas","TX","15","HOUSE","SAFE-D",FALSE,NA,FALSE,NA,FALSE,NA,""
"252",37714,"H2020TX30","Texas 30","4830","Texas","TX","30","HOUSE","SAFE-D",FALSE,NA,FALSE,NA,FALSE,NA,""
"253",37715,"H2020TX31","Texas 31","4831","Texas","TX","31","HOUSE","SAFE-R",FALSE,NA,FALSE,NA,FALSE,NA,""
"254",37716,"H2020TX32","Texas 32","4832","Texas","TX","32","HOUSE","LEAN-D",FALSE,NA,FALSE,NA,FALSE,NA,""
"255",37717,"H2020TX33","Texas 33","4833","Texas","TX","33","HOUSE","SAFE-D",FALSE,NA,FALSE,NA,FALSE,NA,""
"256",37719,"H2020TX35","Texas 35","4835","Texas","TX","35","HOUSE","SAFE-D",FALSE,NA,FALSE,NA,FALSE,NA,""
"257",37720,"H2020TX36","Texas 36","4836","Texas","TX","36","HOUSE","SAFE-R",FALSE,NA,FALSE,NA,FALSE,NA,""
"258",37723,"H2020UT03","Utah 3","4903","Utah","UT","03","HOUSE","SAFE-R",FALSE,NA,FALSE,NA,FALSE,NA,""
"259",37725,"H2020VA01","Virginia 1","5101","Virginia","VA","01","HOUSE","SAFE-R",FALSE,NA,FALSE,NA,FALSE,NA,""
"260",37726,"H2020VA02","Virginia 2","5102","Virginia","VA","02","HOUSE","LIKELY-D",FALSE,NA,FALSE,NA,FALSE,NA,""
"261",37730,"H2020VA06","Virginia 6","5106","Virginia","VA","06","HOUSE","SAFE-R",FALSE,NA,FALSE,NA,FALSE,NA,""
"262",37613,"H2020NY15","New York 15","3615","New York","NY","15","HOUSE","SAFE-D",TRUE,NA,FALSE,NA,FALSE,NA,""
"263",37731,"H2020VA07","Virginia 7","5107","Virginia","VA","07","HOUSE","TOSS-UP",FALSE,NA,FALSE,NA,FALSE,NA,""
"264",37651,"H2020PA01","Pennsylvania 1","4201","Pennsylvania","PA","01","HOUSE","LEAN-R",FALSE,NA,FALSE,NA,FALSE,NA,""
"265",37732,"H2020VA08","Virginia 8","5108","Virginia","VA","08","HOUSE","SAFE-D",FALSE,NA,FALSE,NA,FALSE,NA,""
"266",37733,"H2020VA10","Virginia 10","5110","Virginia","VA","10","HOUSE","LIKELY-D",FALSE,NA,FALSE,NA,FALSE,NA,""
"267",37735,"H2020VT00","Vermont At-Large","5000","Vermont","VT","00","HOUSE","SAFE-D",FALSE,NA,FALSE,NA,FALSE,NA,""
"268",37738,"H2020WA03","Washington 3","5303","Washington","WA","03","HOUSE","TOSS-UP",FALSE,NA,FALSE,NA,FALSE,NA,""
"269",37744,"H2020WA09","Washington 9","5309","Washington","WA","09","HOUSE","SAFE-D",FALSE,NA,FALSE,NA,FALSE,NA,""
"270",37745,"H2020WA10","Washington 10","5310","Washington","WA","10","HOUSE","SAFE-D",TRUE,NA,FALSE,NA,FALSE,NA,""
"271",37746,"H2020WI01","Wisconsin 1","5501","Wisconsin","WI","01","HOUSE","SAFE-R",FALSE,NA,FALSE,NA,FALSE,NA,""
"272",37749,"H2020WI04","Wisconsin 4","5504","Wisconsin","WI","04","HOUSE","SAFE-D",FALSE,NA,FALSE,NA,FALSE,NA,""
"273",37395,"H2020CA47","California 47","0647","California","CA","47","HOUSE","SAFE-D",FALSE,NA,FALSE,NA,FALSE,NA,""
"274",37721,"H2020UT01","Utah 1","4901","Utah","UT","01","HOUSE","SAFE-R",TRUE,NA,FALSE,NA,FALSE,NA,""
"275",37759,"H2020SD00","South Dakota At-Large","4600","South Dakota","SD","00","HOUSE","SAFE-R",FALSE,NA,TRUE,NA,FALSE,NA,""
"276",37663,"H2020PA13","Pennsylvania 13","4213","Pennsylvania","PA","13","HOUSE","SAFE-R",FALSE,NA,FALSE,NA,FALSE,NA,""
"277",37760,"H2020TN05","Tennessee 5","4705","Tennessee","TN","05","HOUSE","SAFE-D",FALSE,NA,TRUE,NA,FALSE,NA,""
"278",37412,"H2020CT04","Connecticut 4","0904","Connecticut","CT","04","HOUSE","SAFE-D",FALSE,NA,FALSE,NA,FALSE,NA,""
"279",37762,"H2020VA09","Virginia 9","5109","Virginia","VA","09","HOUSE","SAFE-R",FALSE,NA,TRUE,NA,FALSE,NA,""
"280",37769,"P2020CT","Connecticut","09","Connecticut","CT","","PRESIDENT","SAFE-D",FALSE,NA,FALSE,NA,FALSE,NA,""
"281",37771,"P2020DC","District of Columbia","11","District of Columbia","DC","","PRESIDENT","SAFE-D",FALSE,NA,FALSE,NA,FALSE,NA,""
"282",37776,"P2020IL","Illinois","17","Illinois","IL","","PRESIDENT","SAFE-D",FALSE,NA,FALSE,NA,FALSE,NA,""
"283",37777,"P2020IN","Indiana","18","Indiana","IN","","PRESIDENT","LIKELY-R",FALSE,NA,FALSE,NA,FALSE,NA,""
"284",37789,"P2020MS","Mississippi","28","Mississippi","MS","","PRESIDENT","SAFE-R",FALSE,NA,FALSE,NA,FALSE,NA,""
"285",37792,"P2020NE","Nebraska","31","Nebraska","NE","","PRESIDENT","SAFE-R",FALSE,NA,FALSE,NA,FALSE,NA,""
"286",37795,"P2020NE03","Nebraska 3","3103","Nebraska","NE","03","PRESIDENT","SAFE-R",FALSE,NA,FALSE,NA,FALSE,NA,""
"287",37799,"P2020NM","New Mexico","35","New Mexico","NM","","PRESIDENT","SAFE-D",FALSE,NA,FALSE,NA,FALSE,NA,""
"288",37800,"P2020NY","New York","36","New York","NY","","PRESIDENT","SAFE-D",FALSE,NA,FALSE,NA,FALSE,NA,""
"289",37802,"P2020ND","North Dakota","38","North Dakota","ND","","PRESIDENT","SAFE-R",FALSE,NA,FALSE,NA,FALSE,NA,""
"290",37810,"P2020TN","Tennessee","47","Tennessee","TN","","PRESIDENT","SAFE-R",FALSE,NA,FALSE,NA,FALSE,NA,""
"291",37816,"P2020WV","West Virginia","54","West Virginia","WV","","PRESIDENT","SAFE-R",FALSE,NA,FALSE,NA,FALSE,NA,""
"292",37737,"H2020WA02","Washington 2","5302","Washington","WA","02","HOUSE","SAFE-D",FALSE,NA,FALSE,NA,FALSE,NA,""
"293",37299,"S2020ID02","Idaho","16","Idaho","ID","","SENATE","SAFE-R",FALSE,NA,FALSE,NA,FALSE,NA,""
"294",37330,"H2020AL02","Alabama 2","0102","Alabama","AL","02","HOUSE","SAFE-R",TRUE,NA,FALSE,NA,FALSE,NA,""
"295",37460,"H2020IA03","Iowa 3","1903","Iowa","IA","03","HOUSE","LIKELY-D",FALSE,NA,FALSE,NA,FALSE,NA,""
"296",37766,"P2020AR","Arkansas","05","Arkansas","AR","","PRESIDENT","SAFE-R",FALSE,NA,FALSE,NA,FALSE,NA,""
"297",37331,"H2020AL03","Alabama 3","0103","Alabama","AL","03","HOUSE","SAFE-R",FALSE,NA,FALSE,NA,FALSE,NA,""
"298",37332,"H2020AL04","Alabama 4","0104","Alabama","AL","04","HOUSE","SAFE-R",FALSE,NA,FALSE,NA,FALSE,NA,""
"299",37562,"H2020NC02","North Carolina 2","3702","North Carolina","NC","02","HOUSE","SAFE-D",TRUE,NA,FALSE,NA,FALSE,NA,""
"300",37752,"H2020WI07","Wisconsin 7","5507","Wisconsin","WI","07","HOUSE","SAFE-R",FALSE,NA,FALSE,NA,FALSE,NA,""
"301",37659,"H2020PA09","Pennsylvania 9","4209","Pennsylvania","PA","09","HOUSE","SAFE-R",FALSE,NA,FALSE,NA,FALSE,NA,""
"302",37670,"H2020RI02","Rhode Island 2","4402","Rhode Island","RI","02","HOUSE","SAFE-D",FALSE,NA,FALSE,NA,FALSE,NA,""
"303",37703,"H2020TX19","Texas 19","4819","Texas","TX","19","HOUSE","SAFE-R",FALSE,NA,FALSE,NA,FALSE,NA,""
"304",37347,"H2020AZ08","Arizona 8","0408","Arizona","AZ","08","HOUSE","SAFE-R",FALSE,NA,FALSE,NA,FALSE,NA,""
"305",37322,"S2020IL02","Illinois","17","Illinois","IL","","SENATE","SAFE-D",FALSE,NA,FALSE,NA,FALSE,NA,""
"306",37329,"H2020AL01","Alabama 1","0101","Alabama","AL","01","HOUSE","SAFE-R",TRUE,NA,FALSE,NA,FALSE,NA,""
"307",37750,"H2020WI05","Wisconsin 5","5505","Wisconsin","WI","05","HOUSE","SAFE-R",TRUE,NA,FALSE,NA,FALSE,NA,""
"308",37338,"H2020AR03","Arkansas 3","0503","Arkansas","AR","03","HOUSE","SAFE-R",FALSE,NA,FALSE,NA,FALSE,NA,""
"309",37350,"H2020CA02","California 2","0602","California","CA","02","HOUSE","SAFE-D",FALSE,NA,FALSE,NA,FALSE,NA,""
"310",37448,"H2020GA07","Georgia 7","1307","Georgia","GA","07","HOUSE","TOSS-UP",TRUE,NA,FALSE,NA,FALSE,NA,""
"311",37475,"H2020IL12","Illinois 12","1712","Illinois","IL","12","HOUSE","SAFE-R",FALSE,NA,FALSE,NA,FALSE,NA,""
"312",37489,"H2020IN08","Indiana 8","1808","Indiana","IN","08","HOUSE","SAFE-R",FALSE,NA,FALSE,NA,FALSE,NA,""
"313",37559,"H2020MS04","Mississippi 4","2804","Mississippi","MS","04","HOUSE","SAFE-R",FALSE,NA,TRUE,NA,FALSE,NA,""
"314",37587,"H2020NJ08","New Jersey 8","3408","New Jersey","NJ","08","HOUSE","SAFE-D",FALSE,NA,FALSE,NA,FALSE,NA,""
"315",37606,"H2020NY08","New York 8","3608","New York","NY","08","HOUSE","SAFE-D",FALSE,NA,FALSE,NA,FALSE,NA,""
"316",37649,"H2020OR04","Oregon 4","4104","Oregon","OR","04","HOUSE","TOSS-UP",FALSE,NA,FALSE,NA,FALSE,NA,""
"317",37671,"H2020SC01","South Carolina 1","4501","South Carolina","SC","01","HOUSE","TOSS-UP",FALSE,NA,FALSE,NA,FALSE,NA,""
"318",37426,"H2020FL12","Florida 12","1212","Florida","FL","12","HOUSE","SAFE-R",FALSE,NA,FALSE,NA,FALSE,NA,""
"319",37472,"H2020IL09","Illinois 9","1709","Illinois","IL","09","HOUSE","SAFE-D",FALSE,NA,FALSE,NA,FALSE,NA,""
"320",37504,"H2020LA04","Louisiana 4","2204","Louisiana","LA","04","HOUSE","SAFE-R",FALSE,NA,FALSE,NA,FALSE,NA,""
"321",37529,"H2020MI04","Michigan 4","2604","Michigan","MI","04","HOUSE","SAFE-R",FALSE,NA,FALSE,NA,FALSE,NA,""
"322",37607,"H2020NY09","New York 9","3609","New York","NY","09","HOUSE","SAFE-D",FALSE,NA,FALSE,NA,FALSE,NA,""
"323",37673,"H2020SC03","South Carolina 3","4503","South Carolina","SC","03","HOUSE","SAFE-R",FALSE,NA,FALSE,NA,FALSE,NA,""
"324",37747,"H2020WI02","Wisconsin 2","5502","Wisconsin","WI","02","HOUSE","SAFE-D",FALSE,NA,FALSE,NA,FALSE,NA,""
"325",37646,"H2020OR01","Oregon 1","4101","Oregon","OR","01","HOUSE","SAFE-D",FALSE,NA,FALSE,NA,FALSE,NA,""
"326",37724,"H2020UT04","Utah 4","4904","Utah","UT","04","HOUSE","TOSS-UP",FALSE,NA,FALSE,NA,FALSE,NA,""
"327",37398,"H2020CA50","California 50","0650","California","CA","50","HOUSE","LIKELY-R",TRUE,NA,FALSE,NA,FALSE,NA,""
"328",37296,"S2020DE02","Delaware","10","Delaware","DE","","SENATE","SAFE-D",FALSE,NA,FALSE,NA,FALSE,NA,""
"329",37758,"H2020NY16","New York 16","3616","New York","NY","16","HOUSE","SAFE-D",TRUE,NA,TRUE,NA,FALSE,NA,""
"330",37391,"H2020CA43","California 43","0643","California","CA","43","HOUSE","LIKELY-D",FALSE,NA,FALSE,NA,FALSE,NA,""
"331",37421,"H2020FL07","Florida 7","1207","Florida","FL","07","HOUSE","LIKELY-D",FALSE,NA,FALSE,NA,FALSE,NA,""
"332",37498,"H2020KY04","Kentucky 4","2104","Kentucky","KY","04","HOUSE","SAFE-R",FALSE,NA,FALSE,NA,FALSE,NA,""
"333",37445,"H2020GA04","Georgia 4","1304","Georgia","GA","04","HOUSE","SAFE-D",FALSE,NA,FALSE,NA,FALSE,NA,""
"334",37779,"P2020KS","Kansas","20","Kansas","KS","","PRESIDENT","SAFE-R",FALSE,NA,FALSE,NA,FALSE,NA,""
"335",37341,"H2020AZ02","Arizona 2","0402","Arizona","AZ","02","HOUSE","SAFE-D",FALSE,NA,FALSE,NA,FALSE,NA,""
"336",37638,"H2020OH14","Ohio 14","3914","Ohio","OH","14","HOUSE","SAFE-R",FALSE,NA,FALSE,NA,FALSE,NA,""
"337",37645,"H2020OK05","Oklahoma 5","4005","Oklahoma","OK","05","HOUSE","TOSS-UP",FALSE,NA,FALSE,NA,FALSE,NA,""
"338",37574,"H2020ND00","North Dakota At-Large","3800","North Dakota","ND","00","HOUSE","SAFE-R",FALSE,NA,FALSE,NA,FALSE,NA,""
"339",37781,"P2020LA","Louisiana","22","Louisiana","LA","","PRESIDENT","SAFE-R",FALSE,NA,FALSE,NA,FALSE,NA,""
"340",37701,"H2020TX17","Texas 17","4817","Texas","TX","17","HOUSE","SAFE-R",TRUE,NA,FALSE,NA,FALSE,NA,""
"341",37640,"H2020OH16","Ohio 16","3916","Ohio","OH","16","HOUSE","SAFE-R",FALSE,NA,FALSE,NA,FALSE,NA,""
"342",37666,"H2020PA16","Pennsylvania 16","4216","Pennsylvania","PA","16","HOUSE","SAFE-R",FALSE,NA,FALSE,NA,FALSE,NA,""
"343",37667,"H2020PA17","Pennsylvania 17","4217","Pennsylvania","PA","17","HOUSE","TOSS-UP",FALSE,NA,FALSE,NA,FALSE,NA,""
"344",37813,"P2020VT","Vermont","50","Vermont","VT","","PRESIDENT","SAFE-D",FALSE,NA,FALSE,NA,FALSE,NA,""
"345",37718,"H2020TX34","Texas 34","4834","Texas","TX","34","HOUSE","SAFE-D",FALSE,NA,FALSE,NA,FALSE,NA,""
"346",37508,"H2020MA02","Massachusetts 2","2502","Massachusetts","MA","02","HOUSE","SAFE-D",FALSE,NA,FALSE,NA,FALSE,NA,""
"347",37601,"H2020NY03","New York 3","3603","New York","NY","03","HOUSE","SAFE-D",FALSE,NA,FALSE,NA,FALSE,NA,""
"348",37602,"H2020NY04","New York 4","3604","New York","NY","04","HOUSE","SAFE-D",FALSE,NA,FALSE,NA,FALSE,NA,""
"349",37693,"H2020TX09","Texas 9","4809","Texas","TX","09","HOUSE","SAFE-D",FALSE,NA,FALSE,NA,FALSE,NA,""
"350",37815,"P2020WA","Washington","53","Washington","WA","","PRESIDENT","SAFE-D",FALSE,NA,FALSE,NA,FALSE,NA,""
"351",37694,"H2020TX10","Texas 10","4810","Texas","TX","10","HOUSE","LEAN-R",FALSE,NA,FALSE,NA,FALSE,NA,""
"352",37302,"S2020LA02","Louisiana","22","Louisiana","LA","","SENATE","SAFE-R",FALSE,NA,FALSE,NA,FALSE,NA,""
"353",37711,"H2020TX27","Texas 27","4827","Texas","TX","27","HOUSE","LIKELY-R",FALSE,NA,FALSE,NA,FALSE,NA,""
"354",37619,"H2020NY22","New York 22","3622","New York","NY","22","HOUSE","LEAN-D",FALSE,NA,FALSE,NA,FALSE,NA,""
"355",37406,"H2020CO05","Colorado 5","0805","Colorado","CO","05","HOUSE","SAFE-R",FALSE,NA,FALSE,NA,FALSE,NA,""
"356",37736,"H2020WA01","Washington 1","5301","Washington","WA","01","HOUSE","SAFE-D",FALSE,NA,FALSE,NA,FALSE,NA,""
"357",37727,"H2020VA03","Virginia 3","5103","Virginia","VA","03","HOUSE","SAFE-D",FALSE,NA,FALSE,NA,FALSE,NA,""
"358",37407,"H2020CO06","Colorado 6","0806","Colorado","CO","06","HOUSE","LIKELY-D",FALSE,NA,FALSE,NA,FALSE,NA,""
"359",37443,"H2020GA02","Georgia 2","1302","Georgia","GA","02","HOUSE","SAFE-D",FALSE,NA,FALSE,NA,FALSE,NA,""
"360",37400,"H2020CA52","California 52","0652","California","CA","52","HOUSE","SAFE-D",FALSE,NA,FALSE,NA,FALSE,NA,""
"361",37313,"S2020OR02","Oregon","41","Oregon","OR","","SENATE","SAFE-D",FALSE,NA,FALSE,NA,FALSE,NA,""
"362",37315,"S2020SD02","South Dakota","46","South Dakota","SD","","SENATE","SAFE-R",FALSE,NA,FALSE,NA,FALSE,NA,""
"363",37748,"H2020WI03","Wisconsin 3","5503","Wisconsin","WI","03","HOUSE","LIKELY-D",FALSE,NA,FALSE,NA,FALSE,NA,""
"364",37321,"S2020AR02","Arkansas","05","Arkansas","AR","","SENATE","SAFE-R",FALSE,NA,TRUE,NA,FALSE,NA,""
"365",37308,"S2020NE02","Nebraska","31","Nebraska","NE","","SENATE","SAFE-R",FALSE,NA,FALSE,NA,FALSE,NA,""
"366",37600,"H2020NY02","New York 2","3602","New York","NY","02","HOUSE","LIKELY-D",TRUE,NA,FALSE,NA,FALSE,NA,""
"367",37654,"H2020PA04","Pennsylvania 4","4204","Pennsylvania","PA","04","HOUSE","SAFE-D",FALSE,NA,FALSE,NA,FALSE,NA,""
"368",37661,"H2020PA11","Pennsylvania 11","4211","Pennsylvania","PA","11","HOUSE","SAFE-R",FALSE,NA,FALSE,NA,FALSE,NA,""
"369",37754,"H2020WV01","West Virginia 1","5401","West Virginia","WV","01","HOUSE","SAFE-R",FALSE,NA,FALSE,NA,FALSE,NA,""
"370",37356,"H2020CA08","California 8","0608","California","CA","08","HOUSE","LIKELY-R",TRUE,NA,FALSE,NA,FALSE,NA,""
"371",37542,"H2020MN03","Minnesota 3","2703","Minnesota","MN","03","HOUSE","LEAN-D",FALSE,NA,FALSE,NA,FALSE,NA,""
"372",37533,"H2020MI08","Michigan 8","2608","Michigan","MI","08","HOUSE","LIKELY-D",FALSE,NA,FALSE,NA,FALSE,NA,""
"373",37473,"H2020IL10","Illinois 10","1710","Illinois","IL","10","HOUSE","SAFE-D",FALSE,NA,FALSE,NA,FALSE,NA,""
"374",37482,"H2020IN01","Indiana 1","1801","Indiana","IN","01","HOUSE","SAFE-D",TRUE,NA,FALSE,NA,FALSE,NA,""
"375",37370,"H2020CA22","California 22","0622","California","CA","22","HOUSE","LIKELY-R",FALSE,NA,FALSE,NA,FALSE,NA,""
"376",37371,"H2020CA23","California 23","0623","California","CA","23","HOUSE","SAFE-R",FALSE,NA,FALSE,NA,FALSE,NA,""
"377",37554,"H2020MO07","Missouri 7","2907","Missouri","MO","07","HOUSE","SAFE-R",FALSE,NA,FALSE,NA,FALSE,NA,""
"378",37556,"H2020MS01","Mississippi 1","2801","Mississippi","MS","01","HOUSE","SAFE-R",FALSE,NA,FALSE,NA,FALSE,NA,""
"379",37355,"H2020CA07","California 7","0607","California","CA","07","HOUSE","SAFE-D",FALSE,NA,FALSE,NA,FALSE,NA,""
"380",37592,"H2020NM01","New Mexico 1","3501","New Mexico","NM","01","HOUSE","SAFE-D",FALSE,NA,FALSE,NA,FALSE,NA,""
"381",37630,"H2020OH06","Ohio 6","3906","Ohio","OH","06","HOUSE","SAFE-R",FALSE,NA,FALSE,NA,FALSE,NA,""
"382",37635,"H2020OH11","Ohio 11","3911","Ohio","OH","11","HOUSE","SAFE-D",FALSE,NA,FALSE,NA,FALSE,NA,""
"383",37431,"H2020FL17","Florida 17","1217","Florida","FL","17","HOUSE","SAFE-R",FALSE,NA,FALSE,NA,FALSE,NA,""
"384",37610,"H2020NY12","New York 12","3612","New York","NY","12","HOUSE","SAFE-D",FALSE,NA,FALSE,NA,FALSE,NA,""
"385",37594,"H2020NM03","New Mexico 3","3503","New Mexico","NM","03","HOUSE","SAFE-D",TRUE,NA,FALSE,NA,FALSE,NA,""
"386",37647,"H2020OR02","Oregon 2","4102","Oregon","OR","02","HOUSE","SAFE-R",TRUE,NA,FALSE,NA,FALSE,NA,""
"387",37687,"H2020TX03","Texas 3","4803","Texas","TX","03","HOUSE","LEAN-R",FALSE,NA,FALSE,NA,FALSE,NA,""
"388",37595,"H2020NV01","Nevada 1","3201","Nevada","NV","01","HOUSE","SAFE-D",FALSE,NA,FALSE,NA,FALSE,NA,""
"389",37672,"H2020SC02","South Carolina 2","4502","South Carolina","SC","02","HOUSE","LIKELY-R",FALSE,NA,FALSE,NA,FALSE,NA,""
"390",37584,"H2020NJ05","New Jersey 5","3405","New Jersey","NJ","05","HOUSE","SAFE-D",FALSE,NA,FALSE,NA,FALSE,NA,""
"391",37303,"S2020MA02","Massachusetts","25","Massachusetts","MA","","SENATE","SAFE-D",TRUE,NA,FALSE,NA,FALSE,NA,""
"392",37453,"H2020GA12","Georgia 12","1312","Georgia","GA","12","HOUSE","SAFE-R",FALSE,NA,FALSE,NA,FALSE,NA,""
"393",37342,"H2020AZ03","Arizona 3","0403","Arizona","AZ","03","HOUSE","SAFE-D",FALSE,NA,FALSE,NA,FALSE,NA,""
"394",37761,"H2020TX02","Texas 2","4802","Texas","TX","02","HOUSE","SAFE-R",FALSE,NA,FALSE,NA,FALSE,NA,""
"395",37639,"H2020OH15","Ohio 15","3915","Ohio","OH","15","HOUSE","SAFE-R",FALSE,NA,FALSE,NA,FALSE,NA,""
"396",37571,"H2020NC11","North Carolina 11","3711","North Carolina","NC","11","HOUSE","TOSS-UP",TRUE,NA,FALSE,NA,FALSE,NA,""
"397",37543,"H2020MN04","Minnesota 4","2704","Minnesota","MN","04","HOUSE","SAFE-D",FALSE,NA,FALSE,NA,FALSE,NA,""
"398",37597,"H2020NV03","Nevada 3","3203","Nevada","NV","03","HOUSE","LEAN-D",FALSE,NA,FALSE,NA,FALSE,NA,""
"399",37705,"H2020TX21","Texas 21","4821","Texas","TX","21","HOUSE","LEAN-R",FALSE,NA,FALSE,NA,FALSE,NA,""
"400",37756,"H2020WV03","West Virginia 3","5403","West Virginia","WV","03","HOUSE","SAFE-R",FALSE,NA,FALSE,NA,FALSE,NA,""
"401",37537,"H2020MI12","Michigan 12","2612","Michigan","MI","12","HOUSE","SAFE-D",FALSE,NA,FALSE,NA,FALSE,NA,""
"402",37477,"H2020IL14","Illinois 14","1714","Illinois","IL","14","HOUSE","LIKELY-D",FALSE,NA,FALSE,NA,FALSE,NA,""
"403",37560,"H2020MT00","Montana At-Large","3000","Montana","MT","00","HOUSE","LEAN-R",TRUE,NA,FALSE,NA,FALSE,NA,""
"404",37729,"H2020VA05","Virginia 5","5105","Virginia","VA","05","HOUSE","LEAN-D",TRUE,NA,FALSE,NA,FALSE,NA,""
"405",37793,"P2020NE01","Nebraska 1","3101","Nebraska","NE","01","PRESIDENT","SAFE-R",FALSE,NA,FALSE,NA,FALSE,NA,""
"406",37461,"H2020IA04","Iowa 4","1904","Iowa","IA","04","HOUSE","LIKELY-R",TRUE,NA,FALSE,NA,FALSE,NA,""
"407",37742,"H2020WA07","Washington 7","5307","Washington","WA","07","HOUSE","SAFE-D",FALSE,NA,FALSE,NA,FALSE,NA,""
"408",37757,"H2020WY00","Wyoming At-Large","5600","Wyoming","WY","00","HOUSE","SAFE-R",FALSE,NA,FALSE,NA,FALSE,NA,""
"409",37807,"P2020RI","Rhode Island","44","Rhode Island","RI","","PRESIDENT","SAFE-D",FALSE,NA,FALSE,NA,FALSE,NA,""
"410",37814,"P2020VA","Virginia","51","Virginia","VA","","PRESIDENT","SAFE-D",FALSE,NA,FALSE,NA,FALSE,NA,""
"411",37408,"H2020CO07","Colorado 7","0807","Colorado","CO","07","HOUSE","SAFE-D",FALSE,NA,FALSE,NA,FALSE,NA,""
"412",37411,"H2020CT03","Connecticut 3","0903","Connecticut","CT","03","HOUSE","SAFE-D",FALSE,NA,FALSE,NA,FALSE,NA,""
"413",37812,"P2020UT","Utah","49","Utah","UT","","PRESIDENT","SAFE-R",FALSE,NA,FALSE,NA,FALSE,NA,""
"414",37311,"S2020NM02","New Mexico","35","New Mexico","NM","","SENATE","SAFE-D",TRUE,NA,FALSE,NA,FALSE,NA,""
"415",37393,"H2020CA45","California 45","0645","California","CA","45","HOUSE","SAFE-D",FALSE,NA,FALSE,NA,FALSE,NA,""
"416",37423,"H2020FL09","Florida 9","1209","Florida","FL","09","HOUSE","SAFE-D",FALSE,NA,FALSE,NA,FALSE,NA,""
"417",37328,"H2020AK00","Alaska At-Large","0200","Alaska","AK","00","HOUSE","LEAN-R",FALSE,NA,FALSE,NA,FALSE,NA,""
"418",37459,"H2020IA02","Iowa 2","1902","Iowa","IA","02","HOUSE","LIKELY-D",TRUE,NA,FALSE,NA,FALSE,NA,""
"419",37436,"H2020FL22","Florida 22","1222","Florida","FL","22","HOUSE","SAFE-D",FALSE,NA,FALSE,NA,FALSE,NA,""
"420",37798,"P2020NJ","New Jersey","34","New Jersey","NJ","","PRESIDENT","SAFE-D",FALSE,NA,FALSE,NA,FALSE,NA,""
"421",37522,"H2020MD07","Maryland 7","2407","Maryland","MD","07","HOUSE","SAFE-D",FALSE,NA,FALSE,NA,FALSE,NA,""
"422",37337,"H2020AR02","Arkansas 2","0502","Arkansas","AR","02","HOUSE","TOSS-UP",FALSE,NA,FALSE,NA,FALSE,NA,""
"423",37763,"P2020AL","Alabama","01","Alabama","AL","","PRESIDENT","SAFE-R",FALSE,NA,FALSE,NA,FALSE,NA,""
"424",37501,"H2020LA01","Louisiana 1","2201","Louisiana","LA","01","HOUSE","SAFE-R",FALSE,NA,FALSE,NA,FALSE,NA,""
"425",37625,"H2020OH01","Ohio 1","3901","Ohio","OH","01","HOUSE","TOSS-UP",FALSE,NA,FALSE,NA,FALSE,NA,""
"426",37743,"H2020WA08","Washington 8","5308","Washington","WA","08","HOUSE","LIKELY-D",FALSE,NA,FALSE,NA,FALSE,NA,""
"427",37345,"H2020AZ06","Arizona 6","0406","Arizona","AZ","06","HOUSE","TOSS-UP",FALSE,NA,FALSE,NA,FALSE,NA,""
"428",37394,"H2020CA46","California 46","0646","California","CA","46","HOUSE","SAFE-D",FALSE,NA,FALSE,NA,FALSE,NA,""
"429",37751,"H2020WI06","Wisconsin 6","5506","Wisconsin","WI","06","HOUSE","SAFE-R",FALSE,NA,FALSE,NA,FALSE,NA,""
"430",37753,"H2020WI08","Wisconsin 8","5508","Wisconsin","WI","08","HOUSE","SAFE-R",FALSE,NA,FALSE,NA,FALSE,NA,""
"431",37818,"P2020WY","Wyoming","56","Wyoming","WY","","PRESIDENT","SAFE-R",FALSE,NA,FALSE,NA,FALSE,NA,""
"432",37524,"H2020ME01","Maine 1","2301","Maine","ME","01","HOUSE","SAFE-D",FALSE,NA,FALSE,NA,FALSE,NA,""
"433",37576,"H2020NE02","Nebraska 2","3102","Nebraska","NE","02","HOUSE","TOSS-UP",FALSE,NA,FALSE,NA,FALSE,NA,""
"434",37496,"H2020KY02","Kentucky 2","2102","Kentucky","KY","02","HOUSE","SAFE-R",FALSE,NA,FALSE,NA,FALSE,NA,""
"435",37794,"P2020NE02","Nebraska 2","3102","Nebraska","NE","02","PRESIDENT","LEAN-D",FALSE,NA,FALSE,NA,FALSE,NA,""
"436",37486,"H2020IN05","Indiana 5","1805","Indiana","IN","05","HOUSE","TOSS-UP",TRUE,NA,FALSE,NA,FALSE,NA,""
"437",37505,"H2020LA05","Louisiana 5","2205","Louisiana","LA","05","HOUSE","SAFE-R",TRUE,NA,FALSE,NA,FALSE,NA,""
"438",37535,"H2020MI10","Michigan 10","2610","Michigan","MI","10","HOUSE","SAFE-R",TRUE,NA,FALSE,NA,FALSE,NA,""
"439",37621,"H2020NY24","New York 24","3624","New York","NY","24","HOUSE","TOSS-UP",FALSE,NA,FALSE,NA,FALSE,NA,""
"440",37317,"S2020TX02","Texas","48","Texas","TX","","SENATE","LIKELY-R",FALSE,NA,FALSE,NA,FALSE,NA,""
"441",37591,"H2020NJ12","New Jersey 12","3412","New Jersey","NJ","12","HOUSE","SAFE-D",FALSE,NA,FALSE,NA,FALSE,NA,""
"442",37596,"H2020NV02","Nevada 2","3202","Nevada","NV","02","HOUSE","SAFE-R",FALSE,NA,FALSE,NA,FALSE,NA,""
"443",37599,"H2020NY01","New York 1","3601","New York","NY","01","HOUSE","LEAN-R",FALSE,NA,FALSE,NA,FALSE,NA,""
"444",37620,"H2020NY23","New York 23","3623","New York","NY","23","HOUSE","SAFE-R",FALSE,NA,FALSE,NA,FALSE,NA,""
"445",37305,"S2020MI02","Michigan","26","Michigan","MI","","SENATE","LIKELY-D",FALSE,NA,FALSE,NA,FALSE,NA,""
"446",37540,"H2020MN01","Minnesota 1","2701","Minnesota","MN","01","HOUSE","TOSS-UP",FALSE,NA,FALSE,NA,FALSE,NA,""
"447",37664,"H2020PA14","Pennsylvania 14","4214","Pennsylvania","PA","14","HOUSE","SAFE-R",FALSE,NA,FALSE,NA,FALSE,NA,""
"448",37783,"P2020ME01","Maine 1","2301","Maine","ME","01","PRESIDENT","SAFE-D",FALSE,NA,FALSE,NA,FALSE,NA,""
"449",37784,"P2020ME02","Maine 2","2302","Maine","ME","02","PRESIDENT","TOSS-UP",FALSE,NA,FALSE,NA,FALSE,NA,""
"450",37786,"P2020MA","Massachusetts","25","Massachusetts","MA","","PRESIDENT","SAFE-D",FALSE,NA,FALSE,NA,FALSE,NA,""
"451",37790,"P2020MO","Missouri","29","Missouri","MO","","PRESIDENT","LIKELY-R",FALSE,NA,FALSE,NA,FALSE,NA,""
"452",37682,"H2020TN06","Tennessee 6","4706","Tennessee","TN","06","HOUSE","SAFE-R",FALSE,NA,FALSE,NA,FALSE,NA,""
"453",37430,"H2020FL16","Florida 16","1216","Florida","FL","16","HOUSE","LIKELY-R",FALSE,NA,FALSE,NA,FALSE,NA,""
"454",37710,"H2020TX26","Texas 26","4826","Texas","TX","26","HOUSE","SAFE-R",FALSE,NA,FALSE,NA,FALSE,NA,""
"455",37740,"H2020WA05","Washington 5","5305","Washington","WA","05","HOUSE","SAFE-R",FALSE,NA,FALSE,NA,FALSE,NA,""
"456",37774,"P2020HI","Hawaii","15","Hawaii","HI","","PRESIDENT","SAFE-D",FALSE,NA,FALSE,NA,FALSE,NA,""
"457",37796,"P2020NV","Nevada","32","Nevada","NV","","PRESIDENT","LIKELY-D",FALSE,NA,FALSE,NA,FALSE,NA,""
"458",37809,"P2020SD","South Dakota","46","South Dakota","SD","","PRESIDENT","SAFE-R",FALSE,NA,FALSE,NA,FALSE,NA,""
"459",37293,"S2020AK02","Alaska","02","Alaska","AK","","SENATE","LEAN-R",FALSE,NA,FALSE,NA,FALSE,NA,""
"460",37309,"S2020NH02","New Hampshire","33","New Hampshire","NH","","SENATE","SAFE-D",FALSE,NA,FALSE,NA,FALSE,NA,""
"461",37312,"S2020OK02","Oklahoma","40","Oklahoma","OK","","SENATE","SAFE-R",TRUE,NA,FALSE,NA,FALSE,NA,""
"462",37316,"S2020TN02","Tennessee","47","Tennessee","TN","","SENATE","SAFE-R",TRUE,NA,FALSE,NA,FALSE,NA,""
"463",37348,"H2020AZ09","Arizona 9","0409","Arizona","AZ","09","HOUSE","SAFE-D",FALSE,NA,FALSE,NA,FALSE,NA,""
"464",37354,"H2020CA06","California 6","0606","California","CA","06","HOUSE","SAFE-D",FALSE,NA,FALSE,NA,FALSE,NA,""
"465",37364,"H2020CA16","California 16","0616","California","CA","16","HOUSE","SAFE-D",FALSE,NA,FALSE,NA,FALSE,NA,""
"466",37367,"H2020CA19","California 19","0619","California","CA","19","HOUSE","SAFE-D",FALSE,NA,FALSE,NA,FALSE,NA,""
"467",37373,"H2020CA25","California 25","0625","California","CA","25","HOUSE","LEAN-D",FALSE,NA,FALSE,NA,FALSE,NA,""
"468",37396,"H2020CA48","California 48","0648","California","CA","48","HOUSE","LEAN-D",FALSE,NA,FALSE,NA,FALSE,NA,""
"469",37419,"H2020FL05","Florida 5","1205","Florida","FL","05","HOUSE","SAFE-D",FALSE,NA,FALSE,NA,FALSE,NA,""
"470",37344,"H2020AZ05","Arizona 5","0405","Arizona","AZ","05","HOUSE","SAFE-R",FALSE,NA,FALSE,NA,FALSE,NA,""
"471",37467,"H2020IL04","Illinois 4","1704","Illinois","IL","04","HOUSE","SAFE-D",FALSE,NA,FALSE,NA,FALSE,NA,""
"472",37470,"H2020IL07","Illinois 7","1707","Illinois","IL","07","HOUSE","SAFE-D",FALSE,NA,FALSE,NA,FALSE,NA,""
"473",37487,"H2020IN06","Indiana 6","1806","Indiana","IN","06","HOUSE","SAFE-R",FALSE,NA,FALSE,NA,FALSE,NA,""
"474",37513,"H2020MA07","Massachusetts 7","2507","Massachusetts","MA","07","HOUSE","SAFE-D",FALSE,NA,TRUE,NA,FALSE,NA,""
"475",37525,"H2020ME02","Maine 2","2302","Maine","ME","02","HOUSE","SAFE-D",FALSE,NA,FALSE,NA,FALSE,NA,""
"476",37466,"H2020IL03","Illinois 3","1703","Illinois","IL","03","HOUSE","SAFE-D",TRUE,NA,FALSE,NA,FALSE,NA,""
"477",37555,"H2020MO08","Missouri 8","2908","Missouri","MO","08","HOUSE","SAFE-R",FALSE,NA,FALSE,NA,FALSE,NA,""
"478",37581,"H2020NJ02","New Jersey 2","3402","New Jersey","NJ","02","HOUSE","LEAN-D",FALSE,NA,FALSE,NA,FALSE,NA,""
"479",37629,"H2020OH05","Ohio 5","3905","Ohio","OH","05","HOUSE","SAFE-R",FALSE,NA,FALSE,NA,FALSE,NA,""
"480",37552,"H2020MO05","Missouri 5","2905","Missouri","MO","05","HOUSE","SAFE-D",FALSE,NA,FALSE,NA,FALSE,NA,""
"481",37657,"H2020PA07","Pennsylvania 7","4207","Pennsylvania","PA","07","HOUSE","LIKELY-D",FALSE,NA,FALSE,NA,FALSE,NA,""
"482",37598,"H2020NV04","Nevada 4","3204","Nevada","NV","04","HOUSE","LIKELY-D",FALSE,NA,FALSE,NA,FALSE,NA,""
"483",37622,"H2020NY25","New York 25","3625","New York","NY","25","HOUSE","SAFE-D",FALSE,NA,FALSE,NA,FALSE,NA,""
"484",37702,"H2020TX18","Texas 18","4818","Texas","TX","18","HOUSE","SAFE-D",FALSE,NA,FALSE,NA,FALSE,NA,""
"485",37644,"H2020OK04","Oklahoma 4","4004","Oklahoma","OK","04","HOUSE","SAFE-R",FALSE,NA,FALSE,NA,FALSE,NA,""
"486",37648,"H2020OR03","Oregon 3","4103","Oregon","OR","03","HOUSE","SAFE-D",FALSE,NA,FALSE,NA,FALSE,NA,""
"487",37722,"H2020UT02","Utah 2","4902","Utah","UT","02","HOUSE","SAFE-R",FALSE,NA,FALSE,NA,FALSE,NA,""
"488",37741,"H2020WA06","Washington 6","5306","Washington","WA","06","HOUSE","SAFE-D",FALSE,NA,FALSE,NA,FALSE,NA,""
"489",37707,"H2020TX23","Texas 23","4823","Texas","TX","23","HOUSE","LEAN-D",TRUE,NA,FALSE,NA,FALSE,NA,""
"490",37764,"P2020AK","Alaska","02","Alaska","AK","","PRESIDENT","LIKELY-R",FALSE,NA,FALSE,NA,FALSE,NA,""
"491",37775,"P2020ID","Idaho","16","Idaho","ID","","PRESIDENT","SAFE-R",FALSE,NA,FALSE,NA,FALSE,NA,""
"492",37804,"P2020OK","Oklahoma","40","Oklahoma","OK","","PRESIDENT","SAFE-R",FALSE,NA,FALSE,NA,FALSE,NA,""
"493",37805,"P2020OR","Oregon","41","Oregon","OR","","PRESIDENT","SAFE-D",FALSE,NA,FALSE,NA,FALSE,NA,""
"494",37739,"H2020WA04","Washington 4","5304","Washington","WA","04","HOUSE","SAFE-R",FALSE,NA,FALSE,NA,FALSE,NA,""
"495",37801,"P2020NC","North Carolina","37","North Carolina","NC","","PRESIDENT","TOSS-UP",FALSE,NA,FALSE,NA,FALSE,NA,""
"496",37817,"P2020WI","Wisconsin","55","Wisconsin","WI","","PRESIDENT","LIKELY-D",FALSE,NA,FALSE,NA,FALSE,NA,""
"497",37788,"P2020MN","Minnesota","27","Minnesota","MN","","PRESIDENT","LIKELY-D",FALSE,NA,FALSE,NA,FALSE,NA,""
"498",37300,"S2020KS02","Kansas","20","Kansas","KS","","SENATE","LEAN-R",TRUE,NA,FALSE,NA,FALSE,NA,""
"499",37294,"S2020AL02","Alabama","01","Alabama","AL","","SENATE","LIKELY-R",FALSE,NA,FALSE,NA,FALSE,NA,""
"500",37797,"P2020NH","New Hampshire","33","New Hampshire","NH","","PRESIDENT","LIKELY-D",FALSE,NA,FALSE,NA,FALSE,NA,""
"501",37791,"P2020MT","Montana","30","Montana","MT","","PRESIDENT","LIKELY-R",FALSE,NA,FALSE,NA,FALSE,NA,""
"502",37323,"S2020MS02","Mississippi","28","Mississippi","MS","","SENATE","LIKELY-R",FALSE,NA,FALSE,NA,FALSE,NA,""
"503",37327,"S2020GA03","Georgia Special","13","Georgia","GA","","SENATE","TOSS-UP",TRUE,NA,FALSE,NA,FALSE,NA,"Special"
"504",37772,"P2020FL","Florida","12","Florida","FL","","PRESIDENT","TOSS-UP",FALSE,NA,FALSE,NA,FALSE,NA,""
"505",37548,"H2020MO01","Missouri 1","2901","Missouri","MO","01","HOUSE","SAFE-D",FALSE,NA,TRUE,NA,FALSE,NA,""
"506",37765,"P2020AZ","Arizona","04","Arizona","AZ","","PRESIDENT","LEAN-D",FALSE,NA,FALSE,NA,FALSE,NA,""
"507",37803,"P2020OH","Ohio","39","Ohio","OH","","PRESIDENT","TOSS-UP",FALSE,NA,FALSE,NA,FALSE,NA,""
"508",37778,"P2020IA","Iowa","19","Iowa","IA","","PRESIDENT","TOSS-UP",FALSE,NA,FALSE,NA,FALSE,NA,""
"509",37304,"S2020ME02","Maine","23","Maine","ME","","SENATE","LEAN-D",FALSE,NA,FALSE,NA,FALSE,NA,""
"510",37773,"P2020GA","Georgia","13","Georgia","GA","","PRESIDENT","TOSS-UP",FALSE,NA,FALSE,NA,FALSE,NA,""
"511",37326,"S2020AZ03","Arizona Special","04","Arizona","AZ","","SENATE","LIKELY-D",TRUE,NA,FALSE,NA,FALSE,NA,"Special"
"512",37780,"P2020KY","Kentucky","21","Kentucky","KY","","PRESIDENT","SAFE-R",FALSE,NA,FALSE,NA,FALSE,NA,""
"513",37808,"P2020SC","South Carolina","45","South Carolina","SC","","PRESIDENT","LIKELY-R",FALSE,NA,FALSE,NA,FALSE,NA,""
"514",37787,"P2020MI","Michigan","26","Michigan","MI","","PRESIDENT","LIKELY-D",FALSE,NA,FALSE,NA,FALSE,NA,""
"515",37811,"P2020TX","Texas","48","Texas","TX","","PRESIDENT","LEAN-R",FALSE,NA,FALSE,NA,FALSE,NA,""
"516",37314,"S2020SC02","South Carolina","45","South Carolina","SC","","SENATE","LEAN-R",FALSE,NA,FALSE,NA,FALSE,NA,""
"517",37782,"P2020ME","Maine","23","Maine","ME","","PRESIDENT","SAFE-D",FALSE,NA,FALSE,NA,FALSE,NA,""
"518",37767,"P2020CA","California","06","California","CA","","PRESIDENT","SAFE-D",FALSE,NA,FALSE,NA,FALSE,NA,""
"519",37295,"S2020CO02","Colorado","08","Colorado","CO","","SENATE","LIKELY-D",FALSE,NA,FALSE,NA,FALSE,NA,""
"520",37297,"S2020GA02","Georgia","13","Georgia","GA","","SENATE","TOSS-UP",FALSE,NA,FALSE,NA,FALSE,NA,""
"521",37324,"S2020NC02","North Carolina","37","North Carolina","NC","","SENATE","LEAN-D",FALSE,NA,FALSE,NA,FALSE,NA,""
"522",37806,"P2020PA","Pennsylvania","42","Pennsylvania","PA","","PRESIDENT","LEAN-D",FALSE,NA,FALSE,NA,FALSE,NA,""
"523",37298,"S2020IA02","Iowa","19","Iowa","IA","","SENATE","TOSS-UP",FALSE,NA,FALSE,NA,FALSE,NA,""
"524",37301,"S2020KY02","Kentucky","21","Kentucky","KY","","SENATE","SAFE-R",FALSE,NA,FALSE,NA,FALSE,NA,""
"525",37307,"S2020MT02","Montana","30","Montana","MT","","SENATE","TOSS-UP",FALSE,NA,FALSE,NA,FALSE,NA,""
"526",37768,"P2020CO","Colorado","08","Colorado","CO","","PRESIDENT","SAFE-D",FALSE,NA,FALSE,NA,FALSE,NA,""
